"","x"
"1","www.atf.gov"
"2","www.blm.gov"
"3","www.dfas.mil"
"4","www.defense.gov"
"5","media.defense.gov"
"6","dod.defense.gov"
"7","www.bts.gov"
"8","rosap.ntl.bts.gov"
"9","highways.dot.gov"
"10","www.fhwa.dot.gov"
"11","mutcd.fhwa.dot.gov"
"12","oha.ed.gov"
"13","www.ed.gov"
"14","www.energystar.gov"
"15","www.cancer.gov"
"16","www.niddk.nih.gov"
"17","www.nih.gov"
"18","www.nia.nih.gov"
"19","www.nimh.nih.gov"
"20","newsinhealth.nih.gov"
"21","rarediseases.info.nih.gov"
"22","www.nccih.nih.gov"
"23","ods.od.nih.gov"
"24","www.niaid.nih.gov"
"25","www.cancer.gov"
"26","www.nih.gov"
"27","www.nhlbi.nih.gov"
"28","dailymed.nlm.nih.gov"
"29","grants.nih.gov"
"30","www.niddk.nih.gov"
"31","www.nimh.nih.gov"
"32","www.genome.gov"
"33","ods.od.nih.gov"
"34","www.nia.nih.gov"
"35","www.ninds.nih.gov"
"36","nida.nih.gov"
"37","pubmed.ncbi.nlm.nih.gov"
"38","hr.nih.gov"
"39","www.nccih.nih.gov"
"40","www.niaid.nih.gov"
"41","www.nichd.nih.gov"
"42","pmc.ncbi.nlm.nih.gov"
"43","rarediseases.info.nih.gov"
"44","www.niams.nih.gov"
"45","orwh.od.nih.gov"
"46","newsinhealth.nih.gov"
"47","ors.od.nih.gov"
"48","www.nlm.nih.gov"
"49","ehp.niehs.nih.gov"
"50","www.niehs.nih.gov"
"51","dsld.od.nih.gov"
"52","ccr.cancer.gov"
"53","www.cc.nih.gov"
"54","www.nei.nih.gov"
"55","www.edi.nih.gov"
"56","meshb.nlm.nih.gov"
"57","www.niaaa.nih.gov"
"58","www.nimhd.nih.gov"
"59","hivinfo.nih.gov"
"60","vsearch.nlm.nih.gov"
"61","gsrs.ncats.nih.gov"
"62","www.nsf.gov"
"63","new.nsf.gov"
"64","www.weather.gov"
"65","forecast.weather.gov"
"66","www.climate.gov"
"67","www.wpc.ncep.noaa.gov"
"68","www.usa.gov"
"69","www.irs.gov"
"70","constitution.congress.gov"
"71","www.whitehouse.gov"
"72","www.ssa.gov"
"73","www.archives.gov"
"74","travel.state.gov"
"75","www.uscis.gov"
"76","www.opm.gov"
"77","www.justice.gov"
"78","pmc.ncbi.nlm.nih.gov"
"79","www.usajobs.gov"
"80","bidenwhitehouse.archives.gov"
"81","www.va.gov"
"82","www.cdc.gov"
"83","www.state.gov"
"84","www.nps.gov"
"85","eforms.state.gov"
"86","www.federalregister.gov"
"87","www.hud.gov"
"88","www.dol.gov"
"89","www.cbp.gov"
"90","pubmed.ncbi.nlm.nih.gov"
"91","www.hhs.gov"
"92","www.congress.gov"
"93","home.treasury.gov"
"94","www.consumerfinance.gov"
"95","www.sec.gov"
"96","www.treasury.gov"
"97","www.cia.gov"
"98","consumer.ftc.gov"
"99","www.loc.gov"
"100","www.ed.gov"
"101","www.chcoc.gov"
"102","www.census.gov"
"103","www.senate.gov"
"104","www.govinfo.gov"
"105","www.defense.gov"
"106","www.ncbi.nlm.nih.gov"
"107","crsreports.congress.gov"
"108","uscode.house.gov"
"109","www.grants.gov"
"110","secure.login.gov"
"111","www.ftc.gov"
"112","www.gsa.gov"
"113","www.bls.gov"
"114","www.fbi.gov"
"115","passportstatus.state.gov"
"116","www.cms.gov"
"117","www.dhs.gov"
"118","www.smithsonianmag.com"
"119","www-origin.ssa.gov"
"120","www.fema.gov"
"121","www.medicare.gov"
"122","www.voanews.com"
"123","blog.ssa.gov"
"124","www.treasurydirect.gov"
"125","files.eric.ed.gov"
"126","www.doge.gov"
"127","www.tsa.gov"
"128","www.fda.gov"
"129","www.energy.gov"
"130","www.pa.gov"
"131","www.usgs.gov"
"132","www.mass.gov"
"133","reproductiverights.gov"
"134","www.epa.gov"
"135","www.ice.gov"
"136","www.patientcare.va.gov"
"137","obamawhitehouse.archives.gov"
"138","www.house.gov"
"139","www.supremecourt.gov"
"140","www.usda.gov"
"141","secure.ssa.gov"
"142","trumpwhitehouse.archives.gov"
"143","www.sba.gov"
"144","esta.cbp.dhs.gov"
"145","studentaid.gov"
"146","www.fincen.gov"
"147","www.fns.usda.gov"
"148","www.healthcare.gov"
"149","www.usaid.gov"
"150","www.ecfr.gov"
"151","www.nj.gov"
"152","www.osha.gov"
"153","www.eeoc.gov"
"154","iqconnect.house.gov"
"155","www.weather.gov"
"156","www.gao.gov"
"157","guides.loc.gov"
"158","portal.ct.gov"
"159","www.acf.hhs.gov"
"160","www.faa.gov"
"161","www.ojp.gov"
"162","www.in.gov"
"163","www.uscourts.gov"
"164","2021-2025.state.gov"
"165","www.nyc.gov"
"166","ceac.state.gov"
"167","www.doi.gov"
"168","www.michigan.gov"
"169","www.fmcsa.dot.gov"
"170","login.gov"
"171","www.fcc.gov"
"172","www.tn.gov"
"173","www.army.mil"
"174","www.dfas.mil"
"175","www.fdic.gov"
"176","www.medicaid.gov"
"177","tricare.mil"
"178","www.rd.usda.gov"
"179","www.travelalaska.com"
"180","egov.uscis.gov"
"181","historyhub.history.gov"
"182","www.transportation.gov"
"183","boiefiling.fincen.gov"
"184","www.nasa.gov"
"185","hts.usitc.gov"
"186","nces.ed.gov"
"187","bean.house.gov"
"188","clintonwhitehouse4.archives.gov"
"189","www.bop.gov"
"190","www.esd.whs.mil"
"191","i94.cbp.dhs.gov"
"192","medlineplus.gov"
"193","www.federalreserve.gov"
"194","vault.fbi.gov"
"195","www.fs.usda.gov"
"196","www.oregon.gov"
"197","apps.irs.gov"
"198","engage.youth.gov"
"199","www.fec.gov"
"200","home.army.mil"
"201","odphp.health.gov"
"202","www.bea.gov"
"203","www.fns.usda.gov"
"204","www.myplate.gov"
"205","www.usda.gov"
"206","www.ams.usda.gov"
"207","www.rd.usda.gov"
"208","www.aphis.usda.gov"
"209","www.fs.usda.gov"
"210","www.fsis.usda.gov"
"211","www.fns.usda.gov"
"212","www.ers.usda.gov"
"213","www.ars.usda.gov"
"214","www.nrcs.usda.gov"
"215","www.fsa.usda.gov"
"216","www.nass.usda.gov"
"217","www.fas.usda.gov"
"218","forms.sc.egov.usda.gov"
"219","apps.fas.usda.gov"
"220","www.nal.usda.gov"
"221","www.nifa.usda.gov"
"222","www.transportation.gov"
"223","www.faa.gov"
"224","www.noaa.gov"
"225","www.nws.noaa.gov"
"226","www.ncei.noaa.gov"
"227","www.spc.noaa.gov"
"228","www.wpc.ncep.noaa.gov"
"229","tgftp.nws.noaa.gov"
"230","www.cpc.ncep.noaa.gov"
"231","www.swpc.noaa.gov"
"232","www.fisheries.noaa.gov"
"233","www.ncdc.noaa.gov"
"234","oceanservice.noaa.gov"
"235","water.noaa.gov"
"236","www.ndbc.noaa.gov"
"237","www.nhc.noaa.gov"
"238","www.star.nesdis.noaa.gov"
"239","www.nesdis.noaa.gov"
"240","tidesandcurrents.noaa.gov"
"241","oceanexplorer.noaa.gov"
"242","repository.library.noaa.gov"
"243","inws.ncep.noaa.gov"
"244","www.nohrsc.noaa.gov"
"245","www.nwrfc.noaa.gov"
"246","www.ngdc.noaa.gov"
"247","gml.noaa.gov"
"248","coast.noaa.gov"
"249","psl.noaa.gov"
"250","www.nssl.noaa.gov"
"251","www.aoml.noaa.gov"
"252","www.glerl.noaa.gov"
"253","sos.noaa.gov"
"254","www.cnrfc.noaa.gov"
"255","www.pmel.noaa.gov"
"256","research.noaa.gov"
"257","www.ngs.noaa.gov"
"258","hads.ncep.noaa.gov"
"259","sanctuaries.noaa.gov"
"260","www.ready.noaa.gov"
"261","vlab.noaa.gov"
"262","www.goes.noaa.gov"
"263","arctic.noaa.gov"
"264","oceantoday.noaa.gov"
"265","coastalscience.noaa.gov"
"266","www.charts.noaa.gov"
"267","cpo.noaa.gov"
"268","coastwatch.glerl.noaa.gov"
"269","library.noaa.gov"
"270","response.restoration.noaa.gov"
"271","www.omao.noaa.gov"
"272","hdsc.nws.noaa.gov"
"273","marinedebris.noaa.gov"
"274","www.ospo.noaa.gov"
"275","marinenavigation.noaa.gov"
"276","www.st.nmfs.noaa.gov"
"277","origin-east-01-drupal-climate.woc.noaa.gov"
"278","spo.nmfs.noaa.gov"
"279","data.ngdc.noaa.gov"
"280","geodesy.noaa.gov"
"281","nauticalcharts.noaa.gov"
"282","storms.ngs.noaa.gov"
"283","coralreefwatch.noaa.gov"
"284","csl.noaa.gov"
"285","globalocean.noaa.gov"
"286","oceanacidification.noaa.gov"
"287","www.gfdl.noaa.gov"
"288","www.arl.noaa.gov"
"289","celebrating200years.noaa.gov"
"290","mag.ncep.noaa.gov"
"291","media.fisheries.noaa.gov"
"292","www.sarsat.noaa.gov"
"293","incidentnews.noaa.gov"
"294","mapservices.weather.noaa.gov"
"295","www.ssd.noaa.gov"
"296","seagrant.noaa.gov"
"297","www.coris.noaa.gov"
"298","www.tsunami.noaa.gov"
"299","www.boulder.noaa.gov"
"300","nsd.rdc.noaa.gov"
"301","oceanwatch.noaa.gov"
"302","rapidrefresh.noaa.gov"
"303","www.nco.ncep.noaa.gov"
"304","www.corporateservices.noaa.gov"
"305","blog.response.restoration.noaa.gov"
"306","montereybay.noaa.gov"
"307","floridakeys.noaa.gov"
"308","coastwatch.noaa.gov"
"309","www.corpscpc.noaa.gov"
"310","www.nauticalcharts.noaa.gov"
"311","cameochemicals.noaa.gov"
"312","origin.cpc.ncep.noaa.gov"
"313","beaconregistration.noaa.gov"
"314","nctr.pmel.noaa.gov"
"315","tgftp.ncep.noaa.gov"
"316","www.nnvl.noaa.gov"
"317","darrp.noaa.gov"
"318","ecowatch.noaa.gov"
"319","blog.marinedebris.noaa.gov"
"320","www.wrc.noaa.gov"
"321","www.tidesandcurrents.noaa.gov"
"322","www.coast.noaa.gov"
"323","origin.wpc.ncep.noaa.gov"
"324","www.emc.ncep.noaa.gov"
"325","flowergarden.noaa.gov"
"326","www.roc.noaa.gov"
"327","gsl.noaa.gov"
"328","madis.ncep.noaa.gov"
"329","www.gc.noaa.gov"
"330","cdn.oceanservice.noaa.gov"
"331","sciencecouncil.noaa.gov"
"332","www.nodc.noaa.gov"
"333","ioos.noaa.gov"
"334","sab.noaa.gov"
"335","inside.nssl.noaa.gov"
"336","www.wpc.woc.noaa.gov"
"337","apps.gsl.noaa.gov"
"338","goes-r.noaa.gov"
"339","voices.nmfs.noaa.gov"
"340","swfsc-publications.fisheries.noaa.gov"
"341","origin-climate-toolkit.woc.noaa.gov"
"342","maps.coast.noaa.gov"
"343","ntwc.ncep.noaa.gov"
"344","nws.noaa.gov"
"345","wpo.noaa.gov"
"346","www.webapps.nwfsc.noaa.gov"
"347","coralreef.noaa.gov"
"348","noaaonline.noaa.gov"
"349","noaasis.noaa.gov"
"350","apps.glerl.noaa.gov"
"351","polar.ncep.noaa.gov"
"352","www.ozonelayer.noaa.gov"
"353","glerl.noaa.gov"
"354","nssl.noaa.gov"
"355","videos.fisheries.noaa.gov"
"356","www.geodesy.noaa.gov"
"357","ftp.cpc.ncep.noaa.gov"
"358","coastwatch.pfeg.noaa.gov"
"359","dev-04-drupal-climate.woc.noaa.gov"
"360","emc.ncep.noaa.gov"
"361","swpc-drupal.woc.noaa.gov"
"362","data.noaa.gov"
"363","tsunami.coast.noaa.gov"
"364","charts.noaa.gov"
"365","origin-east-02-drupal8-noaa.noaa.gov"
"366","accession.nodc.noaa.gov"
"367","hmspermits.noaa.gov"
"368","testbed.swpc.noaa.gov"
"369","ftp.nhc.ncep.noaa.gov"
"370","pmel.noaa.gov"
"371","www.cbrfc.noaa.gov"
"372","www.psl.noaa.gov"
"373","fisheriespermits.noaa.gov"
"374","madis-data.ncep.noaa.gov"
"375","marineprotectedareas.noaa.gov"
"376","marinerhiring.noaa.gov"
"377","partnerservices.nws.noaa.gov"
"378","www.greateratlantic.fisheries.noaa.gov"
"379","www.noaasis.noaa.gov"
"380","www.nohrsc.l.noaa.gov"
"381","www.outlook.noaa.gov"
"382","library.oarcloud.noaa.gov"
"383","uat.oceanservice.noaa.gov"
"384","apps-afsc.fisheries.noaa.gov"
"385","buoybay.noaa.gov"
"386","dev.nesdis.noaa.gov"
"387","hawaiihumpbackwhale.noaa.gov"
"388","origin-east-01-www-ospo.woc.noaa.gov"
"389","techpartnerships.noaa.gov"
"390","thunderbay.noaa.gov"
"391","www.gulfspillrestoration.noaa.gov"
"392","cdn.ioos.noaa.gov"
"393","dataintheclassroom.noaa.gov"
"394","ftp.nohrsc.noaa.gov"
"395","lamp.mdl.nws.noaa.gov"
"396","radar2pub.ncep.noaa.gov"
"397","shoreline.noaa.gov"
"398","vos.noaa.gov"
"399","www.labtrain.noaa.gov"
"400","channelislands.noaa.gov"
"401","downloads.psl.noaa.gov"
"402","farallones.noaa.gov"
"403","nosc.noaa.gov"
"404","ocsdata.ncd.noaa.gov"
"405","www.gml.noaa.gov"
"406","cdhc.noaa.gov"
"407","fisherybulletin.nmfs.noaa.gov"
"408","mobile.tidesandcurrents.noaa.gov"
"409","olympiccoast.noaa.gov"
"410","polarwatch.noaa.gov"
"411","pub-data.diver.orr.noaa.gov"
"412","ci.noaa.gov"
"413","codes.nws.noaa.gov"
"414","dev-01-www-drupal10-climatetk.woc.noaa.gov"
"415","icoads.noaa.gov"
"416","monitor.noaa.gov"
"417","ncc.nesdis.noaa.gov"
"418","nowcoast.noaa.gov"
"419","opendap.co-ops.nos.noaa.gov"
"420","origin.oceanexplorer.noaa.gov"
"421","seb.noaa.gov"
"422","apps-garfo.fisheries.noaa.gov"
"423","eastcoast.coastwatch.noaa.gov"
"424","gulfatlas.noaa.gov"
"425","intranet.noaa.gov"
"426","services.dat.noaa.gov"
"427","www.integratedecosystemassessment.noaa.gov"
"428","accounts.noaa.gov"
"429","coastwatch.star.nesdis.noaa.gov"
"430","ferret.pmel.noaa.gov"
"431","oceannoise.noaa.gov"
"432","pfeg.noaa.gov"
"433","restoreactscienceprogram.noaa.gov"
"434","stellwagen.noaa.gov"
"435","www.habitatblueprint.noaa.gov"
"436","ftp.nhc.noaa.gov"
"437","hysplitbbs.arl.noaa.gov"
"438","manati.star.nesdis.noaa.gov"
"439","origin-east-drupal-ncbo.woc.noaa.gov"
"440","ospo.noaa.gov"
"441","ports.noaa.gov"
"442","services.swpc.noaa.gov"
"443","tao.ndbc.noaa.gov"
"444","www.celebrating200years.noaa.gov"
"445","www.class.noaa.gov"
"446","www.esrl.noaa.gov"
"447","www.geonetcastamericas.noaa.gov"
"448","www.photolib.noaa.gov"
"449","www.wrh.noaa.gov"
"450","apps.dat.noaa.gov"
"451","beta.tidesandcurrents.noaa.gov"
"452","cfs.ncep.noaa.gov"
"453","dcs1.noaa.gov"
"454","digital.mdl.nws.noaa.gov"
"455","eeo.oar.noaa.gov"
"456","epic.noaa.gov"
"457","oeab.noaa.gov"
"458","oedwebdbapps.iso.noaa.gov"
"459","omao.noaa.gov"
"460","origin-west-www-ospo.woc.noaa.gov"
"461","products.coastalscience.noaa.gov"
"462","slosh.nws.noaa.gov"
"463","tgftp.cp.ncep.noaa.gov"
"464","www.darrp.noaa.gov"
"465","www.energy.noaa.gov"
"466","access.co-ops.nos.noaa.gov"
"467","alpha.ngs.noaa.gov"
"468","apps.nssl.noaa.gov"
"469","cdn.coastalscience.noaa.gov"
"470","ecowatch-staging.noaa.gov"
"471","lightning.cmdl.noaa.gov"
"472","secatchshares.fisheries.noaa.gov"
"473","sites.gsl.noaa.gov"
"474","storm.aoml.noaa.gov"
"475","whitepages.noaa.gov"
"476","alaskafisheries.noaa.gov"
"477","americansamoa.noaa.gov"
"478","cameo.noaa.gov"
"479","content-drupal-swpc.woc.noaa.gov"
"480","data.pmel.noaa.gov"
"481","distribution.charts.noaa.gov"
"482","fosterscholars.noaa.gov"
"483","iocm.noaa.gov"
"484","m.cameochemicals.noaa.gov"
"485","mrms.nssl.noaa.gov"
"486","nsde.ngs.noaa.gov"
"487","pier.seagrant.noaa.gov"
"488","prod.tidesandcurrents.noaa.gov"
"489","publications.gsl.noaa.gov"
"490","seb.omao.noaa.gov"
"491","stateoftheocean.osmc.noaa.gov"
"492","svn.pydro.noaa.gov"
"493","www.arctic.noaa.gov"
"494","www.diver.orr.noaa.gov"
"495","www.ftp.cpc.ncep.noaa.gov"
"496","www.lstsrv.ncep.noaa.gov"
"497","www.space.commerce.gov.a.woc.noaa.gov"
"498","www.vdatum.noaa.gov"
"499","beta.ngs.noaa.gov"
"500","cbits.nws.noaa.gov"
"501","cordellbank.noaa.gov"
"502","dev-east-ospo.woc.noaa.gov"
"503","erddap.aoml.noaa.gov"
"504","ftp.hpc.ncep.noaa.gov"
"505","graysreef.noaa.gov"
"506","habsos.noaa.gov"
"507","hydrology.nws.noaa.gov"
"508","ngs.noaa.gov"
"509","oceanwatch.pifsc.noaa.gov"
"510","photos.orr.noaa.gov"
"511","radar2pub-cprk.ncep.noaa.gov"
"512","ready2.arl.noaa.gov"
"513","saga.pmel.noaa.gov"
"514","vdatum.noaa.gov"
"515","www.csl.noaa.gov"
"516","www.devilslake.noaa.gov"
"517","www.habitat.noaa.gov"
"518","www.kidsday.noaa.gov"
"519","www.oceanexplorer.noaa.gov"
"520","www.protechservices.noaa.gov"
"521","www.tao.ndbc.noaa.gov"
"522","www.test.roc.noaa.gov"
"523","apps-st.fisheries.noaa.gov"
"524","co-ops.nos.noaa.gov"
"525","coastalsmartgrowth.noaa.gov"
"526","cwcgom.aoml.noaa.gov"
"527","deepseacoraldata.noaa.gov"
"528","dev-drupal9-climate.woc.noaa.gov"
"529","dev-wordpress-space.woc.noaa.gov"
"530","en.wikipedia.org"
"531","forecast.weather.gov"
"532","ftp.wpc.ncep.noaa.gov"
"533","gis.ngdc.noaa.gov"
"534","lookup.rdc.noaa.gov"
"535","madis-data.bldr.ncep.noaa.gov"
"536","madis-data.cprk.ncep.noaa.gov"
"537","maritimeboundaries.noaa.gov"
"538","mmhsrp.nmfs.noaa.gov"
"539","mping.nssl.noaa.gov"
"540","new-ready.arl.noaa.gov"
"541","noc.nwave.noaa.gov"
"542","nomads.ncep.noaa.gov"
"543","ntwc.arh.noaa.gov"
"544","nwrfc.noaa.gov"
"545","oculus.atdd.noaa.gov"
"546","origin-east-www-spc.woc.noaa.gov"
"547","orta.research.noaa.gov"
"548","ruc.noaa.gov"
"549","rucsoundings.noaa.gov"
"550","test-media.fisheries.noaa.gov"
"551","tsunami-cp.ncep.noaa.gov"
"552","upwell.pfeg.noaa.gov"
"553","www.adp.noaa.gov"
"554","www.aev.class.noaa.gov"
"555","www.co-ops.nos.noaa.gov"
"556","www.cpo.noaa.gov"
"557","www.ecofoci.noaa.gov"
"558","www.incidentnews.noaa.gov"
"559","rtdf.clu-in.org"
"560","triadcentral.clu-in.org"
"561","clu-in.org"
"562","training.fema.gov"
"563","rsac.fra.dot.gov"
"564","www.fra.dot.gov"
"565","railroads.dot.gov"
"566","static.e-publishing.af.mil"
"567","www.e-publishing.af.mil"
"568","mypay.dfas.mil"
"569","www.dla.mil"
"570","www.osi.af.mil"
